day,dau,revenue,arpdau,dau_7d_avg
2025-01-01,127,4.99,0.0393,127.0
2025-01-02,182,25.95,0.1426,154.5
2025-01-03,240,44.94,0.1872,183.0
2025-01-04,294,17.94,0.061,210.8
2025-01-05,311,6.98,0.0224,230.8
2025-01-06,381,50.85,0.1335,255.8
2025-01-07,414,36.89,0.0891,278.4
2025-01-08,434,48.85,0.1126,322.3
2025-01-09,484,124.78,0.2578,365.4
2025-01-10,534,100.84,0.1888,407.4
2025-01-11,530,49.87,0.0941,441.1
2025-01-12,583,95.75,0.1642,480.0
2025-01-13,564,88.76,0.1574,506.1
2025-01-14,525,62.86,0.1197,522.0
2025-01-15,634,46.86,0.0739,550.6
2025-01-16,581,63.83,0.1099,564.4
2025-01-17,587,86.77,0.1478,572.0
2025-01-18,645,96.72,0.15,588.4
2025-01-19,630,55.87,0.0887,595.1
2025-01-20,665,45.84,0.0689,609.6
2025-01-21,649,89.75,0.1383,627.3
2025-01-22,636,82.78,0.1302,627.6
2025-01-23,689,167.65,0.2433,643.0
2025-01-24,640,105.72,0.1652,650.6
2025-01-25,622,87.85,0.1412,647.3
2025-01-26,668,94.72,0.1418,652.7
2025-01-27,701,54.84,0.0782,657.9
2025-01-28,711,131.79,0.1854,666.7
2025-01-29,709,145.79,0.2056,677.1
2025-01-30,661,117.75,0.1781,673.1
2025-01-31,679,61.73,0.0909,678.7
2025-02-01,699,157.7,0.2256,689.7
2025-02-02,703,111.69,0.1589,694.7
2025-02-03,706,70.8,0.1003,695.4
2025-02-04,692,98.79,0.1428,692.7
2025-02-05,703,86.75,0.1234,691.9
2025-02-06,675,102.82,0.1523,693.9
2025-02-07,686,104.79,0.1528,694.9
2025-02-08,688,97.78,0.1421,693.3
2025-02-09,671,57.8,0.0861,688.7
2025-02-10,659,104.76,0.159,682.0
2025-02-11,625,143.76,0.23,672.4
2025-02-12,652,81.77,0.1254,665.1
2025-02-13,677,70.78,0.1045,665.4
2025-02-14,653,137.7,0.2109,660.7
2025-02-15,700,76.72,0.1096,662.4
2025-02-16,651,117.76,0.1809,659.6
2025-02-17,689,76.75,0.1114,663.9
2025-02-18,691,110.76,0.1603,673.3
2025-02-19,686,190.75,0.2781,678.1
2025-02-20,679,49.82,0.0734,678.4
2025-02-21,702,124.69,0.1776,685.4
2025-02-22,659,107.8,0.1636,679.6
2025-02-23,602,91.81,0.1525,672.6
2025-02-24,662,126.77,0.1915,668.7
2025-02-25,670,119.69,0.1786,665.7
2025-02-26,644,56.84,0.0883,659.7
2025-02-27,669,136.81,0.2045,658.3
2025-02-28,636,124.69,0.1961,648.9
2025-03-01,670,119.72,0.1787,650.4
2025-03-02,553,54.82,0.0991,643.4
2025-03-03,506,85.75,0.1695,621.1
2025-03-04,419,55.85,0.1333,585.3
2025-03-05,387,99.79,0.2579,548.6
2025-03-06,344,90.84,0.2641,502.1
2025-03-07,311,47.91,0.1541,455.7
2025-03-08,272,51.85,0.1906,398.9
2025-03-09,245,16.96,0.0692,354.9
2025-03-10,245,14.95,0.061,317.6
2025-03-11,180,30.93,0.1718,283.4
2025-03-12,176,40.92,0.2325,253.3
2025-03-13,139,0.99,0.0071,224.0
2025-03-14,143,27.94,0.1954,200.0
2025-03-15,139,42.92,0.3088,181.0
2025-03-16,103,9.96,0.0967,160.7
2025-03-17,80,17.93,0.2241,137.1
2025-03-18,81,10.96,0.1353,123.0
2025-03-19,62,0.99,0.016,106.7
2025-03-20,49,13.97,0.2851,93.9
2025-03-21,40,0.99,0.0248,79.1
2025-03-22,36,0.0,0.0,64.4
2025-03-23,24,4.99,0.2079,53.1
2025-03-24,26,0.0,0.0,45.4
2025-03-25,19,1.99,0.1047,36.6
2025-03-26,19,9.99,0.5258,30.4
2025-03-27,11,0.99,0.09,25.0
2025-03-28,5,0.0,0.0,20.0
2025-03-29,9,0.0,0.0,16.1
2025-03-30,4,1.99,0.4975,13.3
2025-03-31,2,0.0,0.0,9.9
